{
  "results": [
    {
      "command": "./simple-sieve",
      "mean": 0.008922247600000002,
      "stddev": 0.0013029289662440462,
      "median": 0.0089127621,
      "user": 0.007608704000000003,
      "system": 0.0014810574399999998,
      "min": 0.0070958431,
      "max": 0.014928402100000002,
      "times": [
        0.009197552099999999,
        0.0102229631,
        0.0091572951,
        0.010217943100000001,
        0.008922651100000002,
        0.009192353100000002,
        0.0105002891,
        0.0099056301,
        0.009018556100000002,
        0.0094857691,
        0.008825514100000001,
        0.0087368421,
        0.0099616581,
        0.0091009661,
        0.0089028731,
        0.008789775100000001,
        0.011262701100000001,
        0.011516872100000002,
        0.009496119100000002,
        0.0113659911,
        0.0105042461,
        0.0101287301,
        0.009737255100000002,
        0.0090998531,
        0.009041671099999999,
        0.0115120631,
        0.0103002531,
        0.009581875100000001,
        0.009198534099999999,
        0.010280515100000002,
        0.0101950091,
        0.0090911971,
        0.0092907021,
        0.0103410811,
        0.010022907100000002,
        0.009728628100000001,
        0.0100807381,
        0.009610309100000002,
        0.0110741471,
        0.0120133911,
        0.0103365931,
        0.009579450100000001,
        0.0092136131,
        0.0097634861,
        0.009751492100000002,
        0.009333475100000002,
        0.0090464401,
        0.0094340191,
        0.009333114100000001,
        0.014928402100000002,
        0.0101291721,
        0.009519545100000002,
        0.010287497100000001,
        0.009708048100000002,
        0.0093190161,
        0.0091785861,
        0.0093075951,
        0.0109662981,
        0.009165270100000001,
        0.009429330100000001,
        0.0102988701,
        0.012269776100000001,
        0.0104716641,
        0.009428068099999999,
        0.010725273100000002,
        0.010910050100000002,
        0.0092391831,
        0.009465159100000002,
        0.009282386100000001,
        0.009305441099999999,
        0.0116265641,
        0.0096928791,
        0.0095209071,
        0.011453781100000001,
        0.0106075861,
        0.013529440100000002,
        0.0102426311,
        0.011092633100000002,
        0.0123617031,
        0.011616174100000001,
        0.009731354099999999,
        0.0097948661,
        0.0092537111,
        0.009486350100000002,
        0.009552378100000002,
        0.0109097791,
        0.0119314931,
        0.0099564881,
        0.009410023100000001,
        0.009414551100000002,
        0.0096750151,
        0.011563382100000002,
        0.009709261100000002,
        0.009331691100000001,
        0.009433548100000001,
        0.0092662651,
        0.009207011099999999,
        0.0095388411,
        0.0093151301,
        0.012637978100000002,
        0.009565232100000001,
        0.0094296411,
        0.0093113831,
        0.0097718311,
        0.0095222791,
        0.0091692081,
        0.009643433100000001,
        0.0093959651,
        0.0094609511,
        0.009693540100000002,
        0.009969433100000001,
        0.0104724151,
        0.0097635761,
        0.009539763100000001,
        0.009797882100000002,
        0.0117881071,
        0.009965726099999999,
        0.0075363131,
        0.0075219961,
        0.0077416501,
        0.007841052099999999,
        0.0085443311,
        0.0094402211,
        0.007826835100000002,
        0.007724006100000001,
        0.0079546611,
        0.007672206100000001,
        0.0079118891,
        0.007635716100000001,
        0.009750911100000002,
        0.008073060100000001,
        0.008630287100000002,
        0.007815914100000002,
        0.007861962100000001,
        0.0077200391,
        0.0075549491000000005,
        0.007801596100000001,
        0.007409178100000001,
        0.007807848100000001,
        0.0078456321,
        0.008101976100000002,
        0.0076496721,
        0.008850792100000001,
        0.0082354941,
        0.008718427100000002,
        0.007826083099999999,
        0.0087479031,
        0.007578635100000001,
        0.009081148100000002,
        0.007723205100000001,
        0.0075187391000000004,
        0.0079245231,
        0.007706232100000001,
        0.007676574100000001,
        0.0076965731,
        0.0077343061,
        0.0078678241,
        0.007876561100000002,
        0.0076653431,
        0.007838257099999999,
        0.0074735321,
        0.008007073100000001,
        0.008496078100000002,
        0.008401314100000001,
        0.0095456251,
        0.0081472641,
        0.009747063100000002,
        0.007269829100000001,
        0.007494583100000001,
        0.0070958431,
        0.0076225611,
        0.0074638831,
        0.007504131100000001,
        0.007668950100000001,
        0.0076199551,
        0.0076712651000000005,
        0.0078267941,
        0.0074418611,
        0.0076433511,
        0.007597080100000001,
        0.0078986931,
        0.007493661100000001,
        0.0077557381,
        0.0083057201,
        0.0077748341,
        0.007656977100000001,
        0.007622530100000001,
        0.0077175931000000005,
        0.008371607100000001,
        0.0091782051,
        0.007742923100000001,
        0.007721000100000001,
        0.007712935100000001,
        0.0079905911,
        0.0080281231,
        0.0077510781,
        0.0080446651,
        0.007637179100000001,
        0.007617570100000001,
        0.0076463771,
        0.007898202100000001,
        0.0077815871,
        0.007934052100000002,
        0.0079203251,
        0.0076772451,
        0.007739917100000001,
        0.0077173131,
        0.008125291100000001,
        0.007554279100000001,
        0.0077745241,
        0.009027033100000002,
        0.007799111100000001,
        0.007776507100000001,
        0.007629323100000001,
        0.0081335071,
        0.007898774100000002,
        0.0078300211,
        0.007722042100000001,
        0.008046449100000002,
        0.0076648621,
        0.0077660581,
        0.007724216100000001,
        0.007570320100000001,
        0.0091043921,
        0.008513571099999999,
        0.0076009081000000004,
        0.009596864100000001,
        0.0076973451,
        0.0085181301,
        0.007710210100000001,
        0.007866391100000002,
        0.007638972100000001,
        0.007434427100000001,
        0.007820843100000002,
        0.0077276331,
        0.009277296100000002,
        0.0101214271,
        0.007536845100000001,
        0.007828709100000001,
        0.0077579111,
        0.008043383099999999,
        0.0075075481,
        0.0076159671,
        0.0077717681000000005,
        0.0083702441,
        0.0093912061,
        0.008526656100000002,
        0.0076694011,
        0.007826263100000001,
        0.0074665491
      ],