{
  "results": [
    {
      "command": "./a.out",
      "mean": 0.005729403624999998,
      "stddev": 0.0007951952253984277,
      "median": 0.005388253099999999,
      "user": 0.0051550861111111105,
      "system": 0.0009812989999999997,
      "min": 0.004955807099999999,
      "max": 0.009354373099999999,
      "times": [
        0.005361944099999998,
        0.006431751099999999,
        0.006905145099999999,
        0.005250874099999999,
        0.005498761099999999,
        0.0051514570999999995,
        0.005351634099999999,
        0.005199687099999999,
        0.007439010099999999,
        0.0081529881,
        0.005825447099999999,
        0.0062105441,
        0.006389913099999998,
        0.0054763191,
        0.005148261099999999,
        0.0055405501,
        0.006303930099999999,
        0.007030750099999998,
        0.005478764099999998,
        0.0052172200999999994,
        0.0065009720999999986,
        0.0070244891,
        0.0061763400999999985,
        0.0067209861,
        0.0062398190999999985,
        0.006736306099999999,
        0.005942939099999999,
        0.005505524099999999,
        0.005167547099999999,
        0.0072733580999999985,
        0.006166521099999999,
        0.006238266099999999,
        0.006615317099999999,
        0.006272010099999999,
        0.0066893071,
        0.0059270791,
        0.006834321099999999,
        0.006114102099999999,
        0.006924099099999999,
        0.0064401871,
        0.007296802099999999,
        0.006325060099999998,
        0.0052898971,
        0.0051536811,
        0.0052113501,
        0.005186472099999999,
        0.0071518690999999995,
        0.0051922741,
        0.0051516871,
        0.0052715031,
        0.005113465099999999,
        0.007816512099999999,
        0.007082017099999999,
        0.005203284099999999,
        0.0052559730999999985,
        0.005183807099999998,
        0.0050183050999999985,
        0.005330694099999998,
        0.005130627099999998,
        0.0054655091,
        0.0052129221,
        0.005430012099999999,
        0.005141788099999999,
        0.005189889099999999,
        0.0051955601,
        0.005327479099999999,
        0.005042461099999999,
        0.005327930099999999,
        0.0050731690999999985,
        0.006186328099999999,
        0.005232329099999999,
        0.005152278099999999,
        0.005184238099999999,
        0.005352455099999999,
        0.0053277381,
        0.0053568231,
        0.0053098560999999996,
        0.005504703099999999,
        0.006063767099999999,
        0.0053202441,
        0.0052106381,
        0.0051454651,
        0.007330136099999999,
        0.006066542099999999,
        0.005352726099999998,
        0.007487583099999999,
        0.0059035541,
        0.0059945360999999996,
        0.0061296510999999995,
        0.007397793099999999,
        0.006014424099999999,
        0.005178638099999999,
        0.005218312099999999,
        0.0051068330999999995,
        0.0051682681,
        0.0053554610999999985,
        0.005147138099999999,
        0.005226498099999999,
        0.0052697401,
        0.0073719341,
        0.005433859099999999,
        0.005548385099999999,
        0.0055146820999999995,
        0.005304585099999998,
        0.005403331099999999,
        0.005388714099999999,
        0.0057906020999999985,
        0.005475507099999999,
        0.0055483150999999994,
        0.005621243099999999,
        0.005294797099999998,
        0.005448636099999999,
        0.005737081099999999,
        0.005524870099999999,
        0.005472933099999999,
        0.005633625099999999,
        0.005434349099999999,
        0.0055762580999999985,
        0.0053877920999999985,
        0.005319774099999999,
        0.0055578330999999995,
        0.005629639099999998,
        0.0052651200999999995,
        0.0054560411,
        0.005471990099999999,
        0.005327799099999999,
        0.0052025831,
        0.0051354461,
        0.0054713300999999995,
        0.005519570099999999,
        0.005472723099999998,
        0.005309865099999998,
        0.005577921099999999,
        0.005956103099999999,
        0.0077676811,
        0.007404526099999999,
        0.0073741881,
        0.0067304841,
        0.005555258099999998,
        0.0053625941,
        0.0053624940999999985,
        0.005499964099999999,
        0.005500986099999999,
        0.007889971099999999,
        0.007084292099999999,
        0.005761556099999999,
        0.0054928801,
        0.005543385099999999,
        0.005532375099999999,
        0.005413791099999999,
        0.005297071099999998,
        0.005505053099999999,
        0.005490485099999999,
        0.005489724099999999,
        0.005332057099999999,
        0.0055131691,
        0.0055528431,
        0.0056181960999999985,
        0.005423129099999998,
        0.005540109099999999,
        0.0055746441,
        0.005339160099999999,
        0.005202973099999999,
        0.005233501099999999,
        0.005156767099999999,
        0.005157578099999999,
        0.0055189090999999985,
        0.0054634650999999985,
        0.005430653099999998,
        0.005419652099999998,
        0.005260803099999999,
        0.005342687099999998,
        0.0051561950999999984,
        0.005251385099999999,
        0.0050922250999999984,
        0.0056318220999999995,
        0.0053307241,
        0.0057313810999999985,
        0.009197226099999999,
        0.006367319099999999,
        0.0078249381,
        0.009354373099999999,
        0.0068111961,
        0.0062371540999999996,
        0.005159862099999999,
        0.005463574099999998,
        0.0051229820999999995,
        0.0054502901,
        0.005312259099999999,
        0.005628787099999999,
        0.0058122621,
        0.005545679099999999,
        0.005401217099999999,
        0.005385538099999998,
        0.0053022910999999985,
        0.005637463099999998,
        0.005473934099999999,
        0.005478252099999999,
        0.0090537051,
        0.005151155099999999,
        0.007045859099999999,
        0.0054481250999999994,
        0.0055966761,
        0.0064639921,
        0.0069159730999999985,
        0.007422670099999999,
        0.006895766099999999,
        0.0064604751,
        0.0071410380999999985,
        0.006489940099999999,
        0.006018111099999999,
        0.005247878099999999,
        0.0052394120999999984,
        0.005347596099999999,
        0.0072836881,
        0.0078697131,
        0.0052680461,
        0.005181724099999998,
        0.0061592361,
        0.0051808021,
        0.005177525099999998,
        0.005267876099999999,
        0.005272986099999998,
        0.005157067099999999,
        0.005290709099999999,
        0.007246918099999999,
        0.005407899099999999,
        0.0052050770999999985,
        0.0051770251,
        0.006820394099999998,
        0.006346861099999998,
        0.005218062099999999,
        0.005134514099999999,
        0.0053365250999999995,
        0.0053619140999999985,
        0.0052548110999999995,
        0.005208935099999999,
        0.005437797099999999,
        0.0051911701,
        0.005130447099999999,
        0.005223021099999999,
        0.005276863099999999,
        0.0052304451,
        0.0050868840999999995,
        0.0051233530999999985,
        0.005238361099999998,
        0.0051755421,
        0.005201241099999998,
        0.0052252350999999995,
        0.005542604099999999,
        0.0053423670999999985,
        0.005357204099999999,
        0.005179749099999999,
        0.005105569099999999,
        0.005157037099999999,
        0.005214134099999998,
        0.0066404941,
        0.007407301099999999,
        0.0051918921,
        0.0054144721,
        0.005156045099999999,
        0.005314564099999999,
        0.0052146851,
        0.005384235099999999,
        0.005175472099999998,
        0.005411877099999999,
        0.0050003411,
        0.005134614099999999,
        0.005658122099999999,
        0.006169416099999998,
