{
  "results": [
    {
      "command": "./mainO0",
      "mean": 0.011148941320681817,
      "stddev": 0.0014144679259425826,
      "median": 0.010703437440000001,
      "user": 0.010356525227272727,
      "system": 0.0010648859090909091,
      "min": 0.00966795844,
      "max": 0.02020489044,
      "times": [
        0.014009479440000002,
        0.01120272744,
        0.011043227440000001,
        0.01350640344,
        0.010282775440000001,
        0.010022716440000001,
        0.01003047144,
        0.010097988440000002,
        0.010164032440000002,
        0.010800740440000001,
        0.011931278440000002,
        0.01210491544,
        0.01498453544,
        0.011160327440000001,
        0.009957042440000001,
        0.010743683440000002,
        0.013488068440000002,
        0.011120081440000002,
        0.010579604440000001,
        0.01269867344,
        0.01102025344,
        0.009982079440000001,
        0.00966795844,
        0.013029455440000002,
        0.013808711440000001,
        0.010933791440000002,
        0.011661991440000002,
        0.01030038844,
        0.010107475440000001,
        0.013822097440000002,
        0.011434943440000001,
        0.012216565440000002,
        0.012711286440000002,
        0.011941608440000001,
        0.010071227440000002,
        0.010393053440000001,
        0.013036068440000001,
        0.00996183144,
        0.010100823440000002,
        0.010189890440000002,
        0.013011040440000001,
        0.009895266440000001,
        0.011437649440000001,
        0.02020489044,
        0.011977926440000002,
        0.010062741440000002,
        0.01057910444,
        0.011775395440000001,
        0.01002819744,
        0.010119788440000001,
        0.010211531440000001,
        0.010242980440000002,
        0.010024189440000001,
        0.010046681440000002,
        0.010568293440000001,
        0.012019774440000002,
        0.011590587440000001,
        0.01014813244,
        0.009980036440000001,
        0.01011300644,
        0.011217154440000002,
        0.010068723440000002,
        0.010157299440000002,
        0.009948496440000001,
        0.011623880440000001,
        0.011129469440000001,
        0.013366049440000001,
        0.010561670440000002,
        0.010096374440000002,
        0.011249264440000002,
        0.010827400440000001,
        0.011509634440000001,
        0.010096124440000001,
        0.010111373440000002,
        0.011495708440000002,
        0.011109291440000002,
        0.013604427440000002,
        0.009691983440000001,
        0.010761797440000002,
        0.01252269144,
        0.009957093440000002,
        0.011404226440000002,
        0.012560212440000001,
        0.011711294440000002,
        0.01402522944,
        0.011917332440000001,
        0.01081386544,
        0.010799378440000002,
        0.011997132440000002,
        0.01234442544,
        0.011568485440000002,
        0.01007193844,
        0.011582601440000001,
        0.010306430440000002,
        0.01584782044,
        0.011783239440000001,
        0.01256780644,
        0.011988155440000002,
        0.012709212440000001,
        0.010365812440000002,
        0.01018155444,
        0.009971249440000001,
        0.012170708440000002,
        0.01010798744,
        0.010239103440000001,
        0.01002981944,
        0.010110881440000002,
        0.01127849944,
        0.010187566440000002,
        0.010277355440000002,
        0.010263138440000001,
        0.010132813440000001,
        0.010144735440000002,
        0.009857275440000002,
        0.011919576440000001,
        0.01017274844,
        0.010095042440000002,
        0.011570589440000001,
        0.010029999440000001,
        0.009910776440000001,
        0.010101575440000002,
        0.010516695440000001,
        0.012151012440000001,
        0.010972473440000002,
        0.010157409440000001,
        0.010042733440000002,
        0.011685876440000001,
        0.013173566440000001,
        0.010291161440000002,
        0.01014534744,
        0.011082470440000002,
        0.00996828444,
        0.010932057440000002,
        0.010017185440000001,
        0.009768658440000001,
        0.013692233440000002,
        0.011291103440000002,
        0.010310016440000002,
        0.010156428440000002,
        0.01021557944,
        0.010603640440000001,
        0.010073291440000002,
        0.010250124440000001,
        0.010107506440000002,
        0.010116633440000002,
        0.012065520440000001,
        0.01053720544,
        0.01137472144,
        0.011298658440000001,
        0.010028056440000002,
        0.01051599444,
        0.010255133440000001,
        0.01002882744,
        0.010823513440000002,
        0.010021593440000002,
        0.010785030440000001,
        0.010967153440000002,
        0.011614321440000002,
        0.00998390344,
        0.01033191844,
        0.013101861440000003,
        0.010846096440000001,
        0.01066319144,
        0.010821048440000001,
        0.011092720440000002,
        0.01592347144,
        0.012581051440000001,
        0.010610442440000001,
        0.011803117440000002,
        0.010553505440000001,
        0.01010577244,
        0.010066658440000001,
        0.01278115844,
        0.012453912440000001,
        0.013321014440000003,
        0.010554617440000002
      ],
      "exit_codes": [
        0,
        0,
        0,
        0,
        0,
        0,
        0,
        0,
        0,
        0,
        0,
        0,
        0,
        0,
        0,
        0,
        0,
        0,
        0,
        0,
        0,
        0,
        0,
        0,
        0,
        0,
        0,
        0,
        0,
        0,
        0,
        0,
        0,
        0,
        0,
        0,
        0,
        0,
        0,
        0,
        0,
        0,
        0,
        0,
        0,
        0,
        0,
        0,
        0,
        0,
        0,
        0,
        0,
        0,
        0,
        0,
        0,
        0,
        0,
        0,
        0,
        0,
        0,
        0,
        0,
        0,
        0,
        0,
        0,
        0,
        0,
        0,
        0,
        0,
        0,
        0,
        0,
        0,
        0,
        0,
        0,
        0,
        0,
        0,
        0,
        0,
        0,
        0,
        0,
        0,
        0,
        0,
        0,
        0,
        0,
        0,
        0,
        0,
        0,
        0,
        0,
        0,
        0,
        0,
        0,
        0,
        0,
        0,
        0,
        0,
        0,
        0,
        0,
        0,
        0,
        0,
        0,
        0,
        0,
        0,
        0,
        0,
        0,
        0,
        0,
        0,
        0,
        0,
        0,
        0,
        0,
        0,
        0,
        0,
        0,
        0,
        0,
        0,
        0,
        0,
        0,
        0,
        0,
        0,
        0,
        0,
        0,
        0,
        0,
        0,
        0,
        0,
        0,
        0,
        0,
        0,
        0,
        0,
        0,
        0,
        0,
        0,
        0,
        0,
        0,
        0,
        0,
        0,
        0,
        0,
        0,
        0,
        0,
        0,
        0,
        0
      ]
    }
  ]
}
